Name,6-FAM Locus A28 - 1,6-FAM Locus UN462.4987 - 1,6-FAM Locus B124 - 1,6-FAM Locus B124 - 2,VIC Locus AP81 - 1,VIC Locus AP81 - 2,VIC Locus AC306 - 1,VIC Locus AP33 - 1,NED Locus A113 - 1,NED Locus A113 - 2,NED Locus A113 - 3,NED Locus A043 - 1,NED Locus A043 - 2,NED Locus A56 - 1
1b_A06_03,0,0,0,0,0,0,0,0,0,0,0,0,0,0
2a_B01_04,120,155,0,0,0,0,0,0,0,0,0,0,0,0
2b_B06_06,122,155,0,0,0,0,0,0,126,128,0,0,0,0
3_C06_09,122,155,0,0,127,127,0,0,126,130,0,0,0,0
7a_C01_07,122,155,0,0,127,127,0,0,126,130,0,0,0,0
7b_D06_12,122,155,0,0,127,129,0,0,128,130,0,0,0,0
8_E06_15,122,157,0,0,127,129,0,0,128,130,0,0,0,0
9_F06_18,122,157,0,0,127,129,0,0,128,130,0,0,0,0
10_G06_21,124,161,0,0,127,129,0,0,128,130,0,208,212,0
12_H06_24,124,161,0,0,127,129,0,0,128,130,0,208,214,0
14_A07_01,124,165,0,0,127,129,0,0,128,130,0,208,214,0
15_B07_04,124,165,0,0,127,131,0,0,128,130,0,208,214,0
16_C07_07,124,165,0,0,127,131,168,0,128,130,0,208,214,0
17_D07_10,124,165,0,0,127,131,168,0,128,130,0,208,214,0
18_E07_13,124,167,0,0,127,131,168,0,128,130,0,208,216,0
20_G07_19,124,167,0,0,127,131,168,0,128,130,0,208,216,0
21a_D01_10,124,167,0,0,127,131,168,0,128,130,0,210,216,0
21b_H07_22,124,167,0,0,127,131,168,0,128,132,0,210,216,0
22_E01_13,124,167,0,0,127,131,168,0,128,132,0,210,216,0
23a_F01_16,124,167,0,0,127,131,168,0,128,132,0,210,216,0
23b_A08_02,124,167,0,0,127,131,168,0,128,132,0,210,216,0
24a_G01_19,124,167,0,0,127,131,170,0,128,132,0,210,216,0
24b_B08_05,124,167,0,0,127,131,170,0,128,132,0,210,216,0
25a_H01_22,124,167,0,0,129,133,170,0,128,132,0,210,216,0
25b_C08_08,124,167,0,0,129,133,170,0,128,132,0,210,216,273
26a_A02_02,124,167,0,0,129,133,170,0,128,132,0,210,216,273
26b_D08_11,124,167,0,0,129,133,170,0,128,132,0,210,216,273
27a_B02_05,124,167,0,0,129,133,170,0,128,132,0,210,216,273
27b_E08_14,124,169,0,0,129,133,170,229,128,132,0,210,216,273
29_F08_17,126,169,0,0,129,133,170,229,128,134,0,210,216,277
31a_C02_08,126,169,0,0,129,133,170,229,128,134,0,210,216,277
31b_H08_23,126,169,0,0,129,135,170,231,128,134,0,210,216,277
32a_D02_11,126,169,271,277,129,135,170,231,128,134,0,212,216,279
32b_A09_03,126,169,275,277,129,135,170,231,128,134,0,212,216,279
33a_E02_14,126,169,275,277,129,135,170,233,128,134,0,212,216,279
33b_B09_06,126,169,275,277,129,135,170,233,128,134,0,212,218,279
34_F02_17,126,169,275,277,129,135,170,233,128,134,0,212,218,279
35_G02_20,126,169,275,279,129,135,170,233,128,134,0,214,218,279
35a_C09_09,126,169,275,279,129,135,170,233,128,134,0,214,218,281
35b_D09_12,126,169,277,279,129,135,170,233,128,134,0,214,218,281
36a_H02_23,126,169,277,279,129,135,170,233,128,134,0,214,218,281
36b_E09_15,126,169,277,279,129,135,170,233,128,134,128,214,218,281
38_F09_18,126,169,277,279,129,135,170,235,128,134,132,214,218,281
39_G09_21,128,169,277,279,129,135,170,235,128,134,134,214,220,281
40_H09_24,128,169,277,279,129,135,170,235,128,136,134,214,220,281
42_A10_01,128,169,277,279,129,135,170,235,128,136,134,214,220,281
43_B10_04,128,169,277,279,129,135,170,235,128,136,134,214,220,281
45a_C10_07,128,169,279,279,129,135,170,235,128,136,136,214,220,281
45b_D10_10,128,169,279,279,131,135,170,235,128,136,136,214,220,281
46_E10_13,128,169,279,279,131,137,170,235,128,136,136,214,220,281
47_F10_16,128,169,279,279,131,137,170,235,128,136,136,214,220,281
49_G10_19,128,169,279,279,131,137,172,235,128,136,136,216,222,281
50_H10_22,128,169,279,279,131,137,172,235,128,136,138,216,222,281
52_A11_02,128,169,279,279,131,137,172,235,128,136,138,216,222,281
53_B11_05,128,169,279,281,131,137,172,235,130,136,138,216,222,281
55a_C11_08,128,171,279,281,131,137,172,235,130,136,138,216,222,281
55b_D11_11,128,171,279,281,131,137,172,235,130,138,138,216,222,281
57_E11_14,128,171,279,281,131,139,172,235,130,138,138,216,222,281
58a_A03_03,128,171,279,281,131,139,172,235,130,138,138,216,224,283
58b_F11_17,128,171,279,281,131,139,172,235,130,138,140,216,224,283
59_B03_06,128,171,279,281,131,139,172,235,130,138,140,216,224,283
60a_C03_09,128,171,279,281,131,139,172,235,130,138,140,216,224,283
60b_G11_20,128,171,279,281,131,139,172,237,130,138,140,216,224,283
61a_D03_12,128,171,281,281,131,139,172,237,130,138,140,216,224,283
61b_H11_23,128,171,281,281,131,139,172,237,130,138,140,216,224,283
62_A12_03,128,171,281,281,131,141,172,237,130,140,140,216,224,283
63a_E03_15,128,171,281,281,131,141,174,237,130,140,140,216,224,283
63b_B12_06,128,171,281,281,131,141,174,237,130,140,140,216,224,283
64a_F03_18,128,171,281,283,131,141,174,237,130,140,140,216,224,283
64b_C12_09,130,171,281,283,133,141,174,237,130,140,140,216,226,283
65_G03_21,130,171,281,283,133,141,174,237,130,140,140,216,226,283
66a_H03_24,130,171,281,283,133,141,174,237,130,140,140,216,226,283
66b_D12_12,132,171,281,283,133,141,174,237,130,140,140,216,226,285
67a_A04_01,132,171,281,283,133,141,174,237,130,140,140,218,226,285
67b_E12_15,132,171,281,283,133,141,174,237,132,140,142,218,226,285
68a_B04_04,132,171,281,283,133,141,174,237,132,140,142,218,226,285
68b_F12_18,132,171,281,283,133,143,174,239,132,140,142,218,226,285
69_C04_07,132,171,283,283,133,143,174,239,132,140,142,218,226,285
69a_G12_21,132,171,283,283,135,143,174,239,132,140,142,218,226,285
69b_H12_24,132,171,283,283,135,143,174,239,132,140,142,218,226,285
70_D04_10,132,171,283,283,135,143,174,239,134,140,142,218,226,285
71_E04_13,132,171,283,283,135,143,174,239,134,140,142,218,226,285
72_F04_16,132,171,283,285,135,143,174,239,134,140,142,218,226,285
73_G04_19,132,171,283,285,135,145,176,239,134,140,142,218,226,285
74_H04_22,132,171,283,285,135,145,176,239,134,142,142,218,228,285
97_A05_02,132,171,283,285,135,145,176,239,134,142,142,218,228,285
98_B05_05,132,171,285,285,135,147,176,241,134,142,142,220,228,285
99_C05_08,134,171,285,285,135,149,176,241,134,142,142,222,228,285
100_D05_11,134,171,285,285,135,149,176,241,134,142,142,222,228,285
108_E05_14,136,171,285,285,137,149,176,243,136,142,142,222,228,287
109_F05_17,136,171,285,287,139,149,176,243,136,142,142,224,228,287
110_G05_20,138,171,285,287,139,149,178,243,136,142,142,224,228,289
119_H05_23,138,171,287,287,141,149,178,243,136,142,142,226,228,289
199_F07_16,138,171,287,287,147,149,178,243,136,142,142,228,228,289
